Дата;День;Задача;Статус;Примечание
23.09;Среда;Добавление 3-5 моделей в текстовый чат;Готово;5 моделей: Auto, Fast, Smart, Uncensored, Roleplay
23.09;Среда;Реализация прикрепления документов;Готово;Картинки, PDF, текст. До 5 файлов по 10 МБ, перетаскивание и вставка из буфера
23.09;Среда;Обучение модели работать с файлами (текст, фото);Готово;Текст документа извлекается при загрузке. При вложении картинки запрос уходит модели, которая её понимает
23.09;Среда;Работа моделей строго под нашим брендом;Готово;Проверено на всех пяти: чужой бренд не называют
24.09;Четверг;Добавление первой безцензурной модели;Готово;Dolphin Venice — движок, на котором работает Venice AI
24.09;Четверг;Продуманный дизайн чата: анимации ожидания;Готово;Точки волной, значок дышит, подписи при долгом ответе
24.09;Четверг;Продуманный дизайн чата: обработка ошибок;Готово;Сообщения от сервера не показывались вообще. Добавлен показ, возврат текста при сбое, кнопка повтора
24.09;Четверг;Продуманный дизайн чата: контраст на светлом фоне;Готово;Светлая тема чата была сломана: белое на белом
24.09;Четверг;Общение без авторизации, сущность «Гость»;Готово;Опознание по куке и отпечатку браузера. 10 сообщений в день, переписка переходит в аккаунт при регистрации
24.09;Четверг;Добавление Google авторизации;Ждёт ключей;Код и кнопка готовы. Нужны ключи из Google Cloud Console, порядок в docs/DEPLOY.md
25.09;Пятница;Новый раздел Студия с переключателем Изображение/Видео;Готово;Видео — заглушка, оно в плане на 30.09
25.09;Пятница;Подключение моделей генерации, выбор из списка;Готово;Venice AI, ключ получен. Пять моделей изображений, четыре из них по центу за картинку
25.09;Пятница;Форма: промпт, негативный промпт, соотношение, стиль, зерно;Готово;3 модели, 5 соотношений, 7 стилей
25.09;Пятница;Хранение изображений, привязка к пользователю;Готово;Файлы вне публичной папки, отдаются с проверкой владельца. Работает и для гостя
25.09;Пятница;Лента результатов с повторной генерацией и скачиванием;Готово;Скачать, повторить, подставить настройки, удалить, открыть во весь экран
29.09;Понедельник;Студия: дорисовка выделенной области (inpaint);Готово;Правка по описанию: вкладка Edit, кнопка Edit Image
29.09;Понедельник;Студия: увеличение разрешения (upscale 2x/4x);Готово;Вкладка Edit, кнопка Upscale, 2x и 4x
29.09;Понедельник;Студия: удаление фона;Готово;Вкладка Edit, кнопка Remove Background
29.09;Понедельник;Студия: варианты изображения;Готово;До 4 вариантов за один запрос, плюс объединение нескольких картинок (Combine)
29.09;Понедельник;Галерея работ с фильтрами и удалением;Частично;Лента, удаление, повтор, правка и скачивание есть. Фильтров нет
30.09;Вторник;Студия: генерация видео из текста;Не начато;
30.09;Вторник;Студия: оживление загруженного изображения;Не начато;
30.09;Вторник;Очередь задач и фоновый обработчик;Не начато;Видео генерируется долго, нужен статус готовности
30.09;Вторник;Предпросмотр, скачивание, повторный запуск видео;Не начато;
01.10;Среда;Система кредитов: списание за генерацию;Не начато;
01.10;Среда;Дневные лимиты для бесплатного тарифа и гостей;Готово;Сделано раньше срока: чат 10/день у гостя, Студия 3/день у гостя и 15 на бесплатном
01.10;Среда;Показ остатка кредитов в интерфейсе;Частично;Счётчик сообщений у гостя есть, кредитов пока нет
01.10;Среда;Запрет платных моделей на бесплатном тарифе;Готово;Гость видит платные модели под замком, клик ведёт на регистрацию
01.10;Среда;Подключение ЮKassa, проверка цикла оплаты;Ждёт реквизитов;Логика подписок написана и покрыта тестами. Нужны номер магазина и ключ, порядок в docs/DEPLOY.md
02.10;Четверг;Раздел Персонажи: создание своего персонажа;Готово;Окно с разделами: общее, инструкции, документ, память, статистика, настройки. Аватар с диска или из Студии
02.10;Четверг;Диалог с персонажем, его системная роль;Готово;Один постоянный диалог на человека и персонажа, каждый заход продолжает переписку
02.10;Четверг;Публикация персонажа в общий каталог;Готово;Каталог с поиском и тегами. Персонажи на безцензурной модели остаются личными
02.10;Четверг;Раздел Feed: лента работ сообщества;Готово;Две вкладки: картинки мозаикой и персонажи
03.10;Пятница;Потоковый вывод ответа по словам;Частично;Ответ приходит целиком, на экране печатается по буквам
03.10;Пятница;Мобильная версия новых разделов;Частично;Персонажи и чат с персонажем проверены на узком экране. Студия, звук и лента картинок — нет
03.10;Пятница;Нагрузочная проверка, кеширование, ускорение;Не начато;
03.10;Пятница;Резервное копирование базы;Не начато;Команда есть в инструкции, автоматизации нет
03.10;Пятница;Свой домен вместо временного имени;Ждёт домена;Сейчас временное имя sslip.io. Смена — одна команда
03.10;Пятница;Сквозная проверка и выпуск;Не начато;
01.10;Четверг;Смена провайдера генерации на Venice AI;Готово;OpenRouter отказывает в генерации картинок на уровне аккаунта. Venice даёт картинки, правку, увеличение, фон и озвучку одним ключом
01.10;Четверг;Вкладка Edit: правка, объединение, увеличение, удаление фона;Готово;Исходник берётся из своих работ или с диска. Покрыто тестами
01.10;Четверг;Вкладка Audio: озвучка текста;Готово;Две модели голоса, выбор скорости, проигрыватель в ленте
01.10;Четверг;Выбор количества вариантов и референсы;Готово;До 4 картинок за запрос, выбор исходника из своих работ
01.10;Четверг;Боковая панель перестала двигать страницу;Готово;При раскрытии меню композиция главной уезжала вбок
01.10;Четверг;Фон главной из материалов дизайнера;Готово;Готовая картинка с затемнением, планета по центру
05.10;Понедельник;Вкладка Audio: музыка, озвучка, смена голоса, эффекты;Готово;Музыка, эффекты и смена голоса идут через очередь провайдера. Смена голоса вживую не запускалась
07.10;Среда;Светлая тема;Готово;Своя картинка фона, оболочка и все экраны проверены в обеих темах
07.10;Среда;Лента: раскладка мозаикой;Готово;Плитки разного размера по узору, размеры работ снимаются с файла
